x,y,filename
-63,-82,output_0.wav
-52,162,output_1.wav
155,-186,output_2.wav
131,20,output_3.wav
162,-104,output_4.wav
-120,-83,output_5.wav
-193,95,output_6.wav
-67,-159,output_7.wav
-130,-21,output_8.wav
180,67,output_9.wav
175,-48,output_10.wav
-26,199,output_11.wav
-15,-196,output_12.wav
110,144,output_13.wav
-4,-120,output_14.wav
-173,11,output_15.wav
-170,197,output_16.wav
-183,-81,output_17.wav
69,87,output_18.wav
11,-193,output_19.wav
123,-121,output_20.wav
-97,83,output_21.wav
38,-163,output_22.wav
-165,-46,output_23.wav
73,11,output_24.wav
-3,-117,output_25.wav
197,-10,output_26.wav
196,21,output_27.wav
-41,55,output_28.wav
160,-4,output_29.wav
73,105,output_30.wav
-31,-180,output_31.wav
174,-77,output_32.wav
-15,-114,output_33.wav
111,199,output_34.wav
-169,89,output_35.wav
-50,150,output_36.wav
-56,58,output_37.wav
129,43,output_38.wav
111,123,output_39.wav
-63,-107,output_40.wav
-130,135,output_41.wav
150,-71,output_42.wav
193,-93,output_43.wav
-174,138,output_44.wav
-93,41,output_45.wav
-141,76,output_46.wav
194,10,output_47.wav
-52,-142,output_48.wav
4,-54,output_49.wav
139,-2,output_50.wav
19,-64,output_51.wav
-56,-49,output_52.wav
91,20,output_53.wav
-106,181,output_54.wav
183,157,output_55.wav
-176,62,output_56.wav
116,162,output_57.wav
117,120,output_58.wav
117,102,output_59.wav
93,98,output_60.wav
37,100,output_61.wav
-70,134,output_62.wav
-189,-150,output_63.wav
65,-37,output_64.wav
193,-123,output_65.wav
-72,-148,output_66.wav
186,-25,output_67.wav
-69,-57,output_68.wav
-2,-73,output_69.wav
47,99,output_70.wav
-89,29,output_71.wav
87,51,output_72.wav
124,-100,output_73.wav
99,102,output_74.wav
-27,116,output_75.wav
102,177,output_76.wav
-9,-36,output_77.wav
-158,69,output_78.wav
-88,8,output_79.wav
47,-169,output_80.wav
31,-134,output_81.wav
-5,16,output_82.wav
-187,54,output_83.wav
27,120,output_84.wav
139,177,output_85.wav
-50,122,output_86.wav
57,-106,output_87.wav
107,179,output_88.wav
-144,-39,output_89.wav
-88,6,output_90.wav
124,-21,output_91.wav
151,148,output_92.wav
-115,56,output_93.wav
-97,-84,output_94.wav
60,45,output_95.wav
-153,-89,output_96.wav
-22,-171,output_97.wav
130,192,output_98.wav
-37,-6,output_99.wav
116,-54,output_100.wav
-93,115,output_101.wav
-136,166,output_102.wav
58,-189,output_103.wav
114,118,output_104.wav
-110,58,output_105.wav
-1,25,output_106.wav
-96,-180,output_107.wav
-25,189,output_108.wav
42,130,output_109.wav
-35,109,output_110.wav
-190,-113,output_111.wav
-82,-159,output_112.wav
-84,140,output_113.wav
183,172,output_114.wav
145,146,output_115.wav
-100,-39,output_116.wav
148,89,output_117.wav
190,-71,output_118.wav
-101,51,output_119.wav
104,61,output_120.wav
75,93,output_121.wav
196,144,output_122.wav
43,-173,output_123.wav
-173,99,output_124.wav
-50,171,output_125.wav
88,127,output_126.wav
-102,181,output_127.wav
173,116,output_128.wav
13,-14,output_129.wav
171,-76,output_130.wav
-62,17,output_131.wav
196,-62,output_132.wav
-96,-99,output_133.wav
-47,-148,output_134.wav
-161,-13,output_135.wav
81,-199,output_136.wav
101,-112,output_137.wav
94,110,output_138.wav
119,111,output_139.wav
-116,-167,output_140.wav
183,184,output_141.wav
108,48,output_142.wav
5,-109,output_143.wav
-65,-178,output_144.wav
-49,27,output_145.wav
-149,25,output_146.wav
-172,162,output_147.wav
2,27,output_148.wav
53,163,output_149.wav
124,64,output_150.wav
-143,-32,output_151.wav
110,-76,output_152.wav
180,180,output_153.wav
100,37,output_154.wav
60,-59,output_155.wav
26,125,output_156.wav
-126,-57,output_157.wav
-15,107,output_158.wav
-63,-31,output_159.wav
158,71,output_160.wav
146,50,output_161.wav
-143,181,output_162.wav
25,75,output_163.wav
171,83,output_164.wav
80,180,output_165.wav
136,145,output_166.wav
31,181,output_167.wav
-31,-32,output_168.wav
-133,-130,output_169.wav
-24,-38,output_170.wav
177,3,output_171.wav
-133,191,output_172.wav
-83,-22,output_173.wav
-163,-120,output_174.wav
96,-132,output_175.wav
-13,122,output_176.wav
22,-81,output_177.wav
127,-82,output_178.wav
104,-194,output_179.wav
-23,-50,output_180.wav
184,134,output_181.wav
-94,89,output_182.wav
148,-192,output_183.wav
58,187,output_184.wav
-3,119,output_185.wav
-79,142,output_186.wav
-99,76,output_187.wav
-54,3,output_188.wav
78,52,output_189.wav
107,170,output_190.wav
51,148,output_191.wav
195,-86,output_192.wav
-113,-164,output_193.wav
80,45,output_194.wav
61,-40,output_195.wav
140,106,output_196.wav
-183,114,output_197.wav
-102,93,output_198.wav
14,-101,output_199.wav
-34,146,output_200.wav
15,-110,output_201.wav
-100,163,output_202.wav
-172,-146,output_203.wav
-130,-187,output_204.wav
152,124,output_205.wav
-115,52,output_206.wav
-121,-102,output_207.wav
-142,-49,output_208.wav
-84,-113,output_209.wav
194,-189,output_210.wav
18,-106,output_211.wav
-102,-15,output_212.wav
190,-113,output_213.wav
115,192,output_214.wav
20,18,output_215.wav
-125,-137,output_216.wav
102,152,output_217.wav
87,139,output_218.wav
-134,160,output_219.wav
28,107,output_220.wav
-153,-122,output_221.wav
154,10,output_222.wav
29,-81,output_223.wav
176,39,output_224.wav
34,-120,output_225.wav
197,17,output_226.wav
159,-81,output_227.wav
-160,-163,output_228.wav
14,179,output_229.wav
-156,2,output_230.wav
-130,-111,output_231.wav
-97,-103,output_232.wav
-119,32,output_233.wav
-45,42,output_234.wav
84,122,output_235.wav
-32,110,output_236.wav
-1,-84,output_237.wav
-39,125,output_238.wav
176,132,output_239.wav
174,27,output_240.wav
-27,114,output_241.wav
-195,-103,output_242.wav
72,-190,output_243.wav
51,-159,output_244.wav
29,135,output_245.wav
51,-169,output_246.wav
92,152,output_247.wav
-200,188,output_248.wav
101,11,output_249.wav
-67,-184,output_250.wav
128,-150,output_251.wav
171,-95,output_252.wav
165,6,output_253.wav
105,-4,output_254.wav
-54,130,output_255.wav
197,-17,output_256.wav
52,-105,output_257.wav
-143,-167,output_258.wav
-48,113,output_259.wav
-184,189,output_260.wav
74,-135,output_261.wav
-43,123,output_262.wav
-72,-157,output_263.wav
-72,-106,output_264.wav
-146,17,output_265.wav
-120,43,output_266.wav
35,-116,output_267.wav
-63,-88,output_268.wav
-30,-85,output_269.wav
-77,-44,output_270.wav
-32,108,output_271.wav
-123,-154,output_272.wav
-168,132,output_273.wav
-37,-157,output_274.wav
-94,-79,output_275.wav
198,-39,output_276.wav
-99,-102,output_277.wav
107,125,output_278.wav
-16,116,output_279.wav
156,188,output_280.wav
-34,104,output_281.wav
96,-114,output_282.wav
-68,168,output_283.wav
-161,62,output_284.wav
24,54,output_285.wav
106,-198,output_286.wav
-67,7,output_287.wav
-152,-70,output_288.wav
-2,-162,output_289.wav
-182,109,output_290.wav
170,-138,output_291.wav
-90,-198,output_292.wav
183,173,output_293.wav
160,187,output_294.wav
-49,-110,output_295.wav
-141,-19,output_296.wav
-109,-90,output_297.wav
-18,-133,output_298.wav
-199,57,output_299.wav
30,-81,output_300.wav
-129,-139,output_301.wav
-18,-27,output_302.wav
-75,-84,output_303.wav
17,176,output_304.wav
157,-14,output_305.wav
62,-183,output_306.wav
148,46,output_307.wav
147,-153,output_308.wav
192,-24,output_309.wav
152,-98,output_310.wav
-133,-127,output_311.wav
-87,-55,output_312.wav
96,-107,output_313.wav
-86,81,output_314.wav
-67,44,output_315.wav
-150,134,output_316.wav
143,-159,output_317.wav
-69,156,output_318.wav
66,106,output_319.wav
178,-27,output_320.wav
58,159,output_321.wav
-137,-181,output_322.wav
81,194,output_323.wav
-138,-25,output_324.wav
-174,151,output_325.wav
-110,28,output_326.wav
-126,-88,output_327.wav
-10,-144,output_328.wav
-49,72,output_329.wav
185,75,output_330.wav
-59,-98,output_331.wav
-178,-113,output_332.wav
177,11,output_333.wav
-42,98,output_334.wav
64,42,output_335.wav
-149,97,output_336.wav
104,-12,output_337.wav
197,-41,output_338.wav
135,-100,output_339.wav
-126,58,output_340.wav
188,33,output_341.wav
137,67,output_342.wav
-197,124,output_343.wav
-155,-172,output_344.wav
-75,130,output_345.wav
-147,-168,output_346.wav
143,90,output_347.wav
183,152,output_348.wav
150,1,output_349.wav
-191,127,output_350.wav
53,-183,output_351.wav
-98,-62,output_352.wav
173,-117,output_353.wav
104,-144,output_354.wav
122,-118,output_355.wav
161,-87,output_356.wav
-180,-191,output_357.wav
37,47,output_358.wav
-53,-81,output_359.wav
145,-76,output_360.wav
5,-126,output_361.wav
-8,-35,output_362.wav
52,12,output_363.wav
-88,96,output_364.wav
27,127,output_365.wav
62,169,output_366.wav
41,-13,output_367.wav
-76,180,output_368.wav
-15,-140,output_369.wav
-109,-119,output_370.wav
-177,-20,output_371.wav
-58,-35,output_372.wav
-121,157,output_373.wav
-86,143,output_374.wav
102,-171,output_375.wav
94,55,output_376.wav
-174,-55,output_377.wav
191,-34,output_378.wav
167,62,output_379.wav
124,-75,output_380.wav
105,-49,output_381.wav
-81,51,output_382.wav
44,-34,output_383.wav
-56,60,output_384.wav
-5,-150,output_385.wav
135,96,output_386.wav
-114,10,output_387.wav
47,-30,output_388.wav
11,-123,output_389.wav
-150,-197,output_390.wav
-23,38,output_391.wav
-53,87,output_392.wav
-138,149,output_393.wav
-188,151,output_394.wav
30,-64,output_395.wav
-115,102,output_396.wav
-151,45,output_397.wav
189,-51,output_398.wav
158,31,output_399.wav
101,142,output_400.wav
-72,-125,output_401.wav
-162,155,output_402.wav
26,154,output_403.wav
147,162,output_404.wav
156,140,output_405.wav
150,-32,output_406.wav
-14,120,output_407.wav
-11,-97,output_408.wav
164,49,output_409.wav
43,36,output_410.wav
5,-76,output_411.wav
-75,45,output_412.wav
66,-175,output_413.wav
34,88,output_414.wav
48,-3,output_415.wav
-112,-116,output_416.wav
-198,-70,output_417.wav
-115,-60,output_418.wav
182,-197,output_419.wav
-57,52,output_420.wav
92,-12,output_421.wav
-21,59,output_422.wav
74,-129,output_423.wav
-186,122,output_424.wav
-145,-10,output_425.wav
-59,-78,output_426.wav
-72,192,output_427.wav
-169,158,output_428.wav
153,-81,output_429.wav
-134,88,output_430.wav
-156,36,output_431.wav
-99,117,output_432.wav
191,-23,output_433.wav
-2,-89,output_434.wav
78,140,output_435.wav
16,-56,output_436.wav
118,131,output_437.wav
-54,-108,output_438.wav
76,129,output_439.wav
-148,167,output_440.wav
-113,-161,output_441.wav
184,177,output_442.wav
39,-158,output_443.wav
-82,27,output_444.wav
-32,110,output_445.wav
-111,-75,output_446.wav
180,-37,output_447.wav
-48,87,output_448.wav
172,-151,output_449.wav
-61,-20,output_450.wav
-61,160,output_451.wav
72,111,output_452.wav
-146,-191,output_453.wav
-120,80,output_454.wav
-149,46,output_455.wav
139,-96,output_456.wav
-137,-31,output_457.wav
138,-2,output_458.wav
38,-185,output_459.wav
23,-148,output_460.wav
85,-55,output_461.wav
20,-46,output_462.wav
194,73,output_463.wav
-139,107,output_464.wav
-195,-85,output_465.wav
-36,16,output_466.wav
104,103,output_467.wav
-84,125,output_468.wav
-119,-23,output_469.wav
47,-25,output_470.wav
-47,-49,output_471.wav
162,-122,output_472.wav
-85,35,output_473.wav
117,-192,output_474.wav
41,-158,output_475.wav
156,-140,output_476.wav
64,165,output_477.wav
-146,95,output_478.wav
-167,124,output_479.wav
83,-179,output_480.wav
-80,173,output_481.wav
59,94,output_482.wav
164,-39,output_483.wav
-15,-185,output_484.wav
46,5,output_485.wav
-108,190,output_486.wav
171,-175,output_487.wav
117,27,output_488.wav
-96,42,output_489.wav
-43,-90,output_490.wav
66,-152,output_491.wav
78,-163,output_492.wav
-141,-128,output_493.wav
-192,-97,output_494.wav
51,-105,output_495.wav
32,-23,output_496.wav
-186,-178,output_497.wav
-58,91,output_498.wav
93,-51,output_499.wav
-141,179,output_500.wav
-99,91,output_501.wav
-45,-89,output_502.wav
-71,56,output_503.wav
140,11,output_504.wav
187,-45,output_505.wav
-20,172,output_506.wav
142,-104,output_507.wav
-6,-15,output_508.wav
-138,-93,output_509.wav
42,-67,output_510.wav
76,-183,output_511.wav
-113,88,output_512.wav
-135,18,output_513.wav
61,-3,output_514.wav
124,-37,output_515.wav
-3,159,output_516.wav
-139,156,output_517.wav
-51,154,output_518.wav
20,57,output_519.wav
91,-122,output_520.wav
138,-130,output_521.wav
138,-109,output_522.wav
-137,-76,output_523.wav
24,-160,output_524.wav
-8,66,output_525.wav
121,180,output_526.wav
164,-51,output_527.wav
-131,50,output_528.wav
-178,138,output_529.wav
-63,-114,output_530.wav
-159,104,output_531.wav
172,-197,output_532.wav
-96,-193,output_533.wav
-197,6,output_534.wav
75,-159,output_535.wav
-150,50,output_536.wav
-91,105,output_537.wav
-89,17,output_538.wav
-159,74,output_539.wav
-177,-33,output_540.wav
27,112,output_541.wav
-60,185,output_542.wav
-48,105,output_543.wav
53,156,output_544.wav
136,4,output_545.wav
57,-77,output_546.wav
55,66,output_547.wav
-35,-38,output_548.wav
-161,176,output_549.wav
41,-168,output_550.wav
-150,176,output_551.wav
-144,-53,output_552.wav
139,174,output_553.wav
148,14,output_554.wav
177,-36,output_555.wav
146,-143,output_556.wav
49,162,output_557.wav
-126,-87,output_558.wav
-31,-191,output_559.wav
-61,47,output_560.wav
167,75,output_561.wav
-116,-143,output_562.wav
115,-169,output_563.wav
121,162,output_564.wav
165,-38,output_565.wav
-48,-71,output_566.wav
132,52,output_567.wav
-18,-152,output_568.wav
-132,-196,output_569.wav
-197,67,output_570.wav
-184,-98,output_571.wav
-177,93,output_572.wav
42,174,output_573.wav
91,108,output_574.wav
-122,-50,output_575.wav
132,29,output_576.wav
-122,152,output_577.wav
136,101,output_578.wav
173,-185,output_579.wav
-188,-44,output_580.wav
-136,52,output_581.wav
192,91,output_582.wav
157,-135,output_583.wav
-180,-173,output_584.wav
168,15,output_585.wav
107,60,output_586.wav
-1,127,output_587.wav
153,149,output_588.wav
16,-74,output_589.wav
173,-107,output_590.wav
-159,-137,output_591.wav
41,66,output_592.wav
123,8,output_593.wav
81,-34,output_594.wav
0,-176,output_595.wav
-121,-64,output_596.wav
165,-25,output_597.wav
127,-139,output_598.wav
-60,-55,output_599.wav
114,-60,output_600.wav
-155,91,output_601.wav
-180,63,output_602.wav
-15,-79,output_603.wav
-128,63,output_604.wav
77,172,output_605.wav
-44,157,output_606.wav
-19,-43,output_607.wav
-90,-106,output_608.wav
22,143,output_609.wav
-167,177,output_610.wav
1,-187,output_611.wav
-16,158,output_612.wav
196,75,output_613.wav
47,-106,output_614.wav
-25,3,output_615.wav
166,44,output_616.wav
67,185,output_617.wav
169,-5,output_618.wav
-88,-58,output_619.wav
-96,85,output_620.wav
-97,19,output_621.wav
-180,-198,output_622.wav
-107,58,output_623.wav
-134,110,output_624.wav
-8,107,output_625.wav
87,89,output_626.wav
-185,-132,output_627.wav
-165,67,output_628.wav
-8,-44,output_629.wav
-25,-173,output_630.wav
-100,-142,output_631.wav
155,134,output_632.wav
139,-72,output_633.wav
-178,186,output_634.wav
56,44,output_635.wav
169,-7,output_636.wav
-26,15,output_637.wav
178,130,output_638.wav
-168,-3,output_639.wav
-23,-178,output_640.wav
54,83,output_641.wav
133,-39,output_642.wav
-63,110,output_643.wav
-150,56,output_644.wav
105,-142,output_645.wav
-199,-116,output_646.wav
-104,-115,output_647.wav
-142,-198,output_648.wav
-190,103,output_649.wav
145,-49,output_650.wav
-21,-10,output_651.wav
-65,-169,output_652.wav
-182,-107,output_653.wav
53,168,output_654.wav
157,-147,output_655.wav
-141,-20,output_656.wav
-42,115,output_657.wav
-57,-21,output_658.wav
-199,-105,output_659.wav
157,22,output_660.wav
-23,94,output_661.wav
135,-169,output_662.wav
-55,-137,output_663.wav
-87,197,output_664.wav
51,93,output_665.wav
133,157,output_666.wav
29,178,output_667.wav
-104,-71,output_668.wav
-158,-66,output_669.wav
158,73,output_670.wav
85,102,output_671.wav
192,26,output_672.wav
134,56,output_673.wav
64,-15,output_674.wav
-134,191,output_675.wav
11,-175,output_676.wav
-192,15,output_677.wav
71,57,output_678.wav
130,-92,output_679.wav
-198,-62,output_680.wav
72,-146,output_681.wav
114,-100,output_682.wav
-146,-134,output_683.wav
-75,-126,output_684.wav
-192,58,output_685.wav
74,31,output_686.wav
-156,109,output_687.wav
182,-67,output_688.wav
-111,-187,output_689.wav
-182,-150,output_690.wav
194,-118,output_691.wav
183,30,output_692.wav
-44,40,output_693.wav
-128,50,output_694.wav
63,-138,output_695.wav
-90,178,output_696.wav
-122,-133,output_697.wav
-34,168,output_698.wav
-31,-146,output_699.wav
41,-148,output_700.wav
105,81,output_701.wav
-145,10,output_702.wav
-144,-31,output_703.wav
169,32,output_704.wav
103,-137,output_705.wav
-47,21,output_706.wav
193,-76,output_707.wav
59,174,output_708.wav
-41,-44,output_709.wav
-188,-18,output_710.wav
171,5,output_711.wav
171,-22,output_712.wav
-105,185,output_713.wav
140,189,output_714.wav
108,-191,output_715.wav
-190,79,output_716.wav
30,-82,output_717.wav
0,-10,output_718.wav
89,59,output_719.wav
165,20,output_720.wav
45,-39,output_721.wav
142,-197,output_722.wav
34,-42,output_723.wav
-84,140,output_724.wav
32,130,output_725.wav
-183,100,output_726.wav
35,-77,output_727.wav
125,172,output_728.wav
59,153,output_729.wav
-54,117,output_730.wav
-120,-2,output_731.wav
184,95,output_732.wav
-161,104,output_733.wav
54,185,output_734.wav
0,-95,output_735.wav
-136,-25,output_736.wav
-12,-165,output_737.wav
28,85,output_738.wav
127,68,output_739.wav
107,197,output_740.wav
51,1,output_741.wav
186,144,output_742.wav
17,-34,output_743.wav
-180,98,output_744.wav
126,52,output_745.wav
-63,111,output_746.wav
-91,-47,output_747.wav
86,-134,output_748.wav
196,149,output_749.wav
-34,150,output_750.wav
79,-81,output_751.wav
-5,17,output_752.wav
-184,-117,output_753.wav
175,115,output_754.wav
-105,63,output_755.wav
-54,63,output_756.wav
191,-133,output_757.wav
-121,182,output_758.wav
-57,-175,output_759.wav
0,51,output_760.wav
189,-113,output_761.wav
-14,-167,output_762.wav
-75,-109,output_763.wav
-147,69,output_764.wav
-30,160,output_765.wav
-192,-114,output_766.wav
136,-65,output_767.wav
32,162,output_768.wav
153,195,output_769.wav
-96,111,output_770.wav
-100,139,output_771.wav
-126,-147,output_772.wav
-91,-80,output_773.wav
111,90,output_774.wav
-96,-83,output_775.wav
-54,155,output_776.wav
-107,109,output_777.wav
-83,86,output_778.wav
120,53,output_779.wav
29,104,output_780.wav
-196,-71,output_781.wav
-15,-106,output_782.wav
93,80,output_783.wav
-94,48,output_784.wav
5,6,output_785.wav
-76,79,output_786.wav
73,168,output_787.wav
2,-154,output_788.wav
-150,17,output_789.wav
-63,-55,output_790.wav
81,95,output_791.wav
38,61,output_792.wav
-190,-137,output_793.wav
61,15,output_794.wav
-95,100,output_795.wav
-136,-23,output_796.wav
-147,-69,output_797.wav
-178,76,output_798.wav
60,-62,output_799.wav
-29,-96,output_800.wav
-126,-79,output_801.wav
-90,-2,output_802.wav
-154,77,output_803.wav
195,-7,output_804.wav
-148,106,output_805.wav
-171,97,output_806.wav
-25,-141,output_807.wav
98,34,output_808.wav
176,161,output_809.wav
125,-171,output_810.wav
-54,113,output_811.wav
-110,-56,output_812.wav
198,-104,output_813.wav
184,-178,output_814.wav
61,-146,output_815.wav
-198,-60,output_816.wav
-48,-171,output_817.wav
113,-6,output_818.wav
133,30,output_819.wav
123,-119,output_820.wav
-48,-116,output_821.wav
-175,-121,output_822.wav
2,168,output_823.wav
24,68,output_824.wav
-32,-181,output_825.wav
134,29,output_826.wav
186,-183,output_827.wav
160,72,output_828.wav
23,184,output_829.wav
54,-18,output_830.wav
-126,121,output_831.wav
134,39,output_832.wav
67,-194,output_833.wav
-135,-28,output_834.wav
-184,-144,output_835.wav
-7,193,output_836.wav
92,174,output_837.wav
27,44,output_838.wav
104,49,output_839.wav
21,-139,output_840.wav
-32,19,output_841.wav
-140,-127,output_842.wav
-161,102,output_843.wav
-86,130,output_844.wav
-178,-197,output_845.wav
73,-2,output_846.wav
-80,-37,output_847.wav
-94,-75,output_848.wav
188,-136,output_849.wav
-118,-97,output_850.wav
123,-139,output_851.wav
68,-195,output_852.wav
73,153,output_853.wav
54,166,output_854.wav
-178,110,output_855.wav
-16,-33,output_856.wav
-2,-19,output_857.wav
148,-177,output_858.wav
-64,-62,output_859.wav
171,102,output_860.wav
91,-66,output_861.wav
-189,196,output_862.wav
-66,55,output_863.wav
-39,-137,output_864.wav
124,-30,output_865.wav
186,108,output_866.wav
-18,-64,output_867.wav
-36,139,output_868.wav
33,-100,output_869.wav
112,-16,output_870.wav
166,-173,output_871.wav
67,-180,output_872.wav
-144,82,output_873.wav
112,44,output_874.wav
-193,114,output_875.wav
130,151,output_876.wav
153,187,output_877.wav
-179,-162,output_878.wav
-196,59,output_879.wav
-22,-98,output_880.wav
126,-49,output_881.wav
-66,-142,output_882.wav
107,-115,output_883.wav
189,164,output_884.wav
72,22,output_885.wav
135,157,output_886.wav
73,102,output_887.wav
171,8,output_888.wav
61,-102,output_889.wav
84,153,output_890.wav
-42,193,output_891.wav
132,188,output_892.wav
67,54,output_893.wav
114,104,output_894.wav
-23,38,output_895.wav
147,144,output_896.wav
-89,9,output_897.wav
-121,99,output_898.wav
177,116,output_899.wav
56,-35,output_900.wav
143,123,output_901.wav
182,-45,output_902.wav
162,-25,output_903.wav
147,46,output_904.wav
128,-49,output_905.wav
32,-169,output_906.wav
-24,19,output_907.wav
-35,0,output_908.wav
89,-150,output_909.wav
148,139,output_910.wav
47,-6,output_911.wav
-13,117,output_912.wav
-114,-79,output_913.wav
11,68,output_914.wav
35,93,output_915.wav
23,122,output_916.wav
26,-180,output_917.wav
58,-80,output_918.wav
-98,-89,output_919.wav
-16,-138,output_920.wav
37,-105,output_921.wav
116,199,output_922.wav
6,67,output_923.wav
67,-132,output_924.wav
104,132,output_925.wav
-82,94,output_926.wav
-157,110,output_927.wav
178,20,output_928.wav
-114,-129,output_929.wav
65,73,output_930.wav
67,-114,output_931.wav
-34,47,output_932.wav
-66,107,output_933.wav
30,-59,output_934.wav
-183,80,output_935.wav
-1,-69,output_936.wav
135,-195,output_937.wav
21,-187,output_938.wav
68,132,output_939.wav
130,-172,output_940.wav
140,51,output_941.wav
144,-48,output_942.wav
-25,2,output_943.wav
163,-94,output_944.wav
199,31,output_945.wav
3,-163,output_946.wav
-181,93,output_947.wav
-2,79,output_948.wav
-148,-189,output_949.wav
82,179,output_950.wav
18,31,output_951.wav
-34,198,output_952.wav
109,109,output_953.wav
-106,73,output_954.wav
-156,-107,output_955.wav
151,-85,output_956.wav
49,-181,output_957.wav
90,104,output_958.wav
-10,184,output_959.wav
-170,-142,output_960.wav
0,-8,output_961.wav
186,93,output_962.wav
174,-163,output_963.wav
-6,-60,output_964.wav
81,-63,output_965.wav
164,-168,output_966.wav
71,-69,output_967.wav
-123,-4,output_968.wav
144,120,output_969.wav
-144,-101,output_970.wav
78,37,output_971.wav
-3,115,output_972.wav
59,171,output_973.wav
147,-163,output_974.wav
-97,-56,output_975.wav
-154,74,output_976.wav
63,-117,output_977.wav
-185,116,output_978.wav
88,-120,output_979.wav
-154,-175,output_980.wav
-42,103,output_981.wav
-195,-55,output_982.wav
-135,77,output_983.wav
-158,192,output_984.wav
58,-56,output_985.wav
-40,-29,output_986.wav
-46,-174,output_987.wav
68,170,output_988.wav
-140,-79,output_989.wav
57,-97,output_990.wav
186,-105,output_991.wav
108,35,output_992.wav
-104,-182,output_993.wav
-120,140,output_994.wav
-200,193,output_995.wav
163,17,output_996.wav
-41,-147,output_997.wav
-98,42,output_998.wav
76,-177,output_999.wav
86,86,output_1000.wav
-10,-83,output_1001.wav
-96,-83,output_1002.wav
-29,-105,output_1003.wav
-68,177,output_1004.wav
112,-160,output_1005.wav
172,-101,output_1006.wav
138,121,output_1007.wav
-181,73,output_1008.wav
-119,-142,output_1009.wav
-187,-127,output_1010.wav
0,135,output_1011.wav
98,51,output_1012.wav
31,-190,output_1013.wav
59,-191,output_1014.wav
75,-198,output_1015.wav
21,51,output_1016.wav
41,-91,output_1017.wav
-153,-49,output_1018.wav
137,-57,output_1019.wav
-38,147,output_1020.wav
196,-136,output_1021.wav
-20,162,output_1022.wav
-199,56,output_1023.wav
-21,-10,output_1024.wav
178,72,output_1025.wav
174,-37,output_1026.wav
176,-199,output_1027.wav
39,0,output_1028.wav
-95,135,output_1029.wav
-68,-113,output_1030.wav
-79,14,output_1031.wav
-3,57,output_1032.wav
-107,199,output_1033.wav
-98,134,output_1034.wav
-70,129,output_1035.wav
6,190,output_1036.wav
198,-136,output_1037.wav
131,-140,output_1038.wav
-15,87,output_1039.wav
142,-144,output_1040.wav
2,88,output_1041.wav
-195,-155,output_1042.wav
38,147,output_1043.wav
112,184,output_1044.wav
18,-133,output_1045.wav
149,-118,output_1046.wav
0,35,output_1047.wav
65,129,output_1048.wav
-89,51,output_1049.wav
-159,142,output_1050.wav
-34,155,output_1051.wav
-169,-23,output_1052.wav
70,105,output_1053.wav
115,108,output_1054.wav
-124,108,output_1055.wav
53,-140,output_1056.wav
81,26,output_1057.wav
-72,91,output_1058.wav
-111,4,output_1059.wav
44,-183,output_1060.wav
-106,99,output_1061.wav
42,-190,output_1062.wav
165,154,output_1063.wav
79,-91,output_1064.wav
40,-100,output_1065.wav
198,78,output_1066.wav
-150,185,output_1067.wav
-102,-182,output_1068.wav
166,-113,output_1069.wav
-64,-131,output_1070.wav
19,-187,output_1071.wav
-197,18,output_1072.wav
-2,119,output_1073.wav
-136,-13,output_1074.wav
76,164,output_1075.wav
-137,105,output_1076.wav
-134,-93,output_1077.wav
86,-173,output_1078.wav
114,-173,output_1079.wav
169,-5,output_1080.wav
-174,66,output_1081.wav
196,33,output_1082.wav
13,-145,output_1083.wav
150,-136,output_1084.wav
73,24,output_1085.wav
-167,143,output_1086.wav
-113,199,output_1087.wav
-104,198,output_1088.wav
129,-69,output_1089.wav
133,116,output_1090.wav
59,142,output_1091.wav
86,-199,output_1092.wav
-124,-66,output_1093.wav
109,60,output_1094.wav
9,-62,output_1095.wav
-24,-118,output_1096.wav
-133,63,output_1097.wav
-127,24,output_1098.wav
15,-155,output_1099.wav
113,96,output_1100.wav
-110,40,output_1101.wav
-148,21,output_1102.wav
-4,-80,output_1103.wav
-66,-106,output_1104.wav
58,190,output_1105.wav
-147,55,output_1106.wav
-156,137,output_1107.wav
-71,159,output_1108.wav
-155,-134,output_1109.wav
-199,92,output_1110.wav
79,132,output_1111.wav
-33,-25,output_1112.wav
150,-126,output_1113.wav
-128,166,output_1114.wav
-186,178,output_1115.wav
53,20,output_1116.wav
66,-45,output_1117.wav
-162,-74,output_1118.wav
-28,93,output_1119.wav
-191,-185,output_1120.wav
-59,-73,output_1121.wav
39,31,output_1122.wav
-141,185,output_1123.wav
-13,42,output_1124.wav
-107,-89,output_1125.wav
44,85,output_1126.wav
-147,151,output_1127.wav
72,-42,output_1128.wav
168,55,output_1129.wav
-91,-118,output_1130.wav
-18,-76,output_1131.wav
-44,150,output_1132.wav
-169,129,output_1133.wav
-156,22,output_1134.wav
96,65,output_1135.wav
91,129,output_1136.wav
12,121,output_1137.wav
2,150,output_1138.wav
123,-19,output_1139.wav
23,189,output_1140.wav
-58,-98,output_1141.wav
-86,1,output_1142.wav
-151,-171,output_1143.wav
-190,-84,output_1144.wav
-6,-45,output_1145.wav
59,-68,output_1146.wav
-125,179,output_1147.wav
154,-73,output_1148.wav
151,12,output_1149.wav
-91,-195,output_1150.wav
102,-136,output_1151.wav
-119,70,output_1152.wav
-76,-103,output_1153.wav
-198,95,output_1154.wav
-165,195,output_1155.wav
165,-134,output_1156.wav
-113,-27,output_1157.wav
42,114,output_1158.wav
-187,-5,output_1159.wav
-8,-42,output_1160.wav
-88,-28,output_1161.wav
65,-8,output_1162.wav
-189,85,output_1163.wav
41,-11,output_1164.wav
53,37,output_1165.wav
-17,86,output_1166.wav
81,-11,output_1167.wav
-196,12,output_1168.wav
10,-3,output_1169.wav
133,87,output_1170.wav
-26,195,output_1171.wav
161,156,output_1172.wav
134,-2,output_1173.wav
-13,53,output_1174.wav
184,199,output_1175.wav
-139,62,output_1176.wav
-121,53,output_1177.wav
-16,-137,output_1178.wav
169,-163,output_1179.wav
-136,12,output_1180.wav
153,-76,output_1181.wav
40,-191,output_1182.wav
76,119,output_1183.wav
55,134,output_1184.wav
-155,74,output_1185.wav
132,-183,output_1186.wav
147,-87,output_1187.wav
143,-108,output_1188.wav
-134,192,output_1189.wav
-140,78,output_1190.wav
-26,184,output_1191.wav
-147,34,output_1192.wav
71,-58,output_1193.wav
-190,189,output_1194.wav
-164,154,output_1195.wav
-77,121,output_1196.wav
-84,-185,output_1197.wav
83,-197,output_1198.wav
-110,112,output_1199.wav
157,55,output_1200.wav
-174,123,output_1201.wav
-80,-116,output_1202.wav
-159,174,output_1203.wav
159,-67,output_1204.wav
15,-200,output_1205.wav
-19,99,output_1206.wav
-13,-35,output_1207.wav
-151,129,output_1208.wav
-1,-137,output_1209.wav
-189,-168,output_1210.wav
-162,-23,output_1211.wav
-125,-152,output_1212.wav
129,62,output_1213.wav
-25,-121,output_1214.wav
-52,-160,output_1215.wav
-72,107,output_1216.wav
-24,186,output_1217.wav
-106,-92,output_1218.wav
-8,-163,output_1219.wav
7,72,output_1220.wav
-137,-156,output_1221.wav
5,166,output_1222.wav
-195,66,output_1223.wav
115,16,output_1224.wav
109,-153,output_1225.wav
27,155,output_1226.wav
21,-42,output_1227.wav
79,-129,output_1228.wav
173,3,output_1229.wav
134,-104,output_1230.wav
-27,-103,output_1231.wav
-61,193,output_1232.wav
174,-2,output_1233.wav
108,163,output_1234.wav
-51,-180,output_1235.wav
-66,152,output_1236.wav
-63,26,output_1237.wav
32,139,output_1238.wav
-81,-164,output_1239.wav
163,141,output_1240.wav
117,189,output_1241.wav
90,95,output_1242.wav
-108,-116,output_1243.wav
-54,-105,output_1244.wav
169,12,output_1245.wav
-93,-164,output_1246.wav
100,60,output_1247.wav
173,-161,output_1248.wav
109,-9,output_1249.wav
-180,-150,output_1250.wav
58,-94,output_1251.wav
9,-25,output_1252.wav
-50,-158,output_1253.wav
-93,16,output_1254.wav
-1,-58,output_1255.wav
-170,81,output_1256.wav
-178,-45,output_1257.wav
-140,-103,output_1258.wav
148,89,output_1259.wav
-71,104,output_1260.wav
19,104,output_1261.wav
-167,103,output_1262.wav
-22,-176,output_1263.wav
177,-17,output_1264.wav
111,-46,output_1265.wav
-55,30,output_1266.wav
179,-26,output_1267.wav
-62,-4,output_1268.wav
-182,27,output_1269.wav
-126,52,output_1270.wav
-39,195,output_1271.wav
145,-33,output_1272.wav
-149,105,output_1273.wav
27,131,output_1274.wav
-24,-34,output_1275.wav
-110,-149,output_1276.wav
-26,-145,output_1277.wav
44,-94,output_1278.wav
109,-121,output_1279.wav
35,-100,output_1280.wav
-140,28,output_1281.wav
-8,-23,output_1282.wav
83,114,output_1283.wav
-187,-146,output_1284.wav
-77,-56,output_1285.wav
66,-63,output_1286.wav
-174,114,output_1287.wav
69,79,output_1288.wav
-66,-59,output_1289.wav
-161,168,output_1290.wav
99,-145,output_1291.wav
-46,37,output_1292.wav
-125,142,output_1293.wav
-94,95,output_1294.wav
187,-6,output_1295.wav
156,-143,output_1296.wav
159,-44,output_1297.wav
86,-150,output_1298.wav
82,-189,output_1299.wav
-63,-135,output_1300.wav
175,-38,output_1301.wav
-5,30,output_1302.wav
4,-107,output_1303.wav
133,-49,output_1304.wav
165,68,output_1305.wav
8,19,output_1306.wav
102,67,output_1307.wav
-17,92,output_1308.wav
-81,151,output_1309.wav
-80,-3,output_1310.wav
-123,176,output_1311.wav
123,-44,output_1312.wav
-30,-89,output_1313.wav
-76,135,output_1314.wav
-5,21,output_1315.wav
76,-40,output_1316.wav
125,163,output_1317.wav
159,-2,output_1318.wav
40,166,output_1319.wav
-106,21,output_1320.wav
-3,-172,output_1321.wav
-9,90,output_1322.wav
-152,11,output_1323.wav
112,-73,output_1324.wav
59,-92,output_1325.wav
-127,-45,output_1326.wav
-121,5,output_1327.wav
-150,-60,output_1328.wav
-67,-178,output_1329.wav
121,-75,output_1330.wav
-169,-48,output_1331.wav
-30,-122,output_1332.wav
184,47,output_1333.wav
-55,-144,output_1334.wav
-163,-107,output_1335.wav
-118,-43,output_1336.wav
-41,-57,output_1337.wav
-136,-113,output_1338.wav
-89,17,output_1339.wav
97,16,output_1340.wav
167,189,output_1341.wav
-192,-86,output_1342.wav
143,111,output_1343.wav
146,180,output_1344.wav
-74,-88,output_1345.wav
-53,181,output_1346.wav
-139,145,output_1347.wav
122,188,output_1348.wav
51,141,output_1349.wav
-175,92,output_1350.wav
-130,77,output_1351.wav
158,41,output_1352.wav
-78,134,output_1353.wav
-157,-194,output_1354.wav
-138,34,output_1355.wav
-37,146,output_1356.wav
181,-58,output_1357.wav
-123,1,output_1358.wav
105,139,output_1359.wav
84,-170,output_1360.wav
-18,53,output_1361.wav
-3,79,output_1362.wav
-112,67,output_1363.wav
159,118,output_1364.wav
20,-107,output_1365.wav
-41,-39,output_1366.wav
-183,-133,output_1367.wav
-73,-158,output_1368.wav
131,-176,output_1369.wav
-3,-126,output_1370.wav
-65,173,output_1371.wav
-141,131,output_1372.wav
-134,20,output_1373.wav
-99,-131,output_1374.wav
-157,-31,output_1375.wav
111,131,output_1376.wav
-150,137,output_1377.wav
145,-16,output_1378.wav
191,104,output_1379.wav
129,161,output_1380.wav
181,163,output_1381.wav
-90,-52,output_1382.wav
146,107,output_1383.wav
-163,-115,output_1384.wav
-67,-132,output_1385.wav
-131,64,output_1386.wav
66,-151,output_1387.wav
198,-78,output_1388.wav
144,-6,output_1389.wav
-151,155,output_1390.wav
-108,86,output_1391.wav
-114,-10,output_1392.wav
174,182,output_1393.wav
65,167,output_1394.wav
122,123,output_1395.wav
-45,-32,output_1396.wav
-85,-61,output_1397.wav
142,-192,output_1398.wav
-103,129,output_1399.wav
45,49,output_1400.wav
71,154,output_1401.wav
101,-81,output_1402.wav
-33,-116,output_1403.wav
-14,185,output_1404.wav
-180,170,output_1405.wav
113,-58,output_1406.wav
35,-141,output_1407.wav
5,-177,output_1408.wav
76,114,output_1409.wav
-83,-148,output_1410.wav
27,-20,output_1411.wav
115,-44,output_1412.wav
-79,-11,output_1413.wav
-57,180,output_1414.wav
45,-101,output_1415.wav
-35,133,output_1416.wav
84,-178,output_1417.wav
187,-142,output_1418.wav
101,-194,output_1419.wav
109,-159,output_1420.wav
131,9,output_1421.wav
164,195,output_1422.wav
124,55,output_1423.wav
-40,116,output_1424.wav
-188,51,output_1425.wav
-163,-173,output_1426.wav
170,-192,output_1427.wav
-13,-166,output_1428.wav
22,117,output_1429.wav
-32,-10,output_1430.wav
80,-36,output_1431.wav
-116,96,output_1432.wav
13,20,output_1433.wav
-140,39,output_1434.wav
102,-168,output_1435.wav
164,-69,output_1436.wav
58,64,output_1437.wav
-83,96,output_1438.wav
182,-107,output_1439.wav
19,-80,output_1440.wav
175,76,output_1441.wav
138,150,output_1442.wav
-160,74,output_1443.wav
-68,-81,output_1444.wav
131,-24,output_1445.wav
7,197,output_1446.wav
-164,17,output_1447.wav
-111,-181,output_1448.wav
-125,143,output_1449.wav
51,40,output_1450.wav
-24,-173,output_1451.wav
181,-63,output_1452.wav
109,-51,output_1453.wav
-14,-95,output_1454.wav
-176,-63,output_1455.wav
-144,-88,output_1456.wav
75,-185,output_1457.wav
-35,19,output_1458.wav
159,57,output_1459.wav
14,170,output_1460.wav
-174,-45,output_1461.wav
197,-42,output_1462.wav
-28,-34,output_1463.wav
-168,47,output_1464.wav
-95,-99,output_1465.wav
-9,120,output_1466.wav
187,-52,output_1467.wav
-140,120,output_1468.wav
-169,-1,output_1469.wav
-17,-91,output_1470.wav
-148,198,output_1471.wav
-100,-155,output_1472.wav
188,166,output_1473.wav
-175,-193,output_1474.wav
-194,-164,output_1475.wav
154,-174,output_1476.wav
-160,59,output_1477.wav
-172,-41,output_1478.wav
-40,-108,output_1479.wav
155,123,output_1480.wav
-12,63,output_1481.wav
25,-104,output_1482.wav
95,125,output_1483.wav
0,104,output_1484.wav
-81,-198,output_1485.wav
-92,87,output_1486.wav
-87,-140,output_1487.wav
-144,152,output_1488.wav
-125,-64,output_1489.wav
-187,-59,output_1490.wav
121,142,output_1491.wav
-68,-1,output_1492.wav
181,-200,output_1493.wav
9,100,output_1494.wav
20,75,output_1495.wav
14,127,output_1496.wav
-71,-198,output_1497.wav
-136,159,output_1498.wav
131,69,output_1499.wav
-139,-194,output_1500.wav
196,75,output_1501.wav
181,57,output_1502.wav
111,152,output_1503.wav
26,196,output_1504.wav
5,-153,output_1505.wav
-198,46,output_1506.wav
-191,75,output_1507.wav
142,-57,output_1508.wav
-106,28,output_1509.wav
110,69,output_1510.wav
-33,122,output_1511.wav
143,-56,output_1512.wav
53,-82,output_1513.wav
110,82,output_1514.wav
-157,79,output_1515.wav
116,49,output_1516.wav
-167,-55,output_1517.wav
116,157,output_1518.wav
160,42,output_1519.wav
105,-96,output_1520.wav
-6,-73,output_1521.wav
139,-116,output_1522.wav
-130,-169,output_1523.wav
-191,-171,output_1524.wav
-145,112,output_1525.wav
131,-161,output_1526.wav
-77,-159,output_1527.wav
151,76,output_1528.wav
-130,-133,output_1529.wav
76,192,output_1530.wav
197,182,output_1531.wav
-54,151,output_1532.wav
-129,144,output_1533.wav
-140,-22,output_1534.wav
-81,-102,output_1535.wav
-19,-4,output_1536.wav
16,123,output_1537.wav
136,-1,output_1538.wav
-195,-34,output_1539.wav
127,45,output_1540.wav
2,176,output_1541.wav
-79,51,output_1542.wav
138,-129,output_1543.wav
62,-99,output_1544.wav
-1,-93,output_1545.wav
38,9,output_1546.wav
-64,-5,output_1547.wav
-126,-199,output_1548.wav
-100,-149,output_1549.wav
-148,43,output_1550.wav
41,42,output_1551.wav
100,-99,output_1552.wav
-142,77,output_1553.wav
-52,160,output_1554.wav
-161,-161,output_1555.wav
104,52,output_1556.wav
-19,128,output_1557.wav
-12,-69,output_1558.wav
89,68,output_1559.wav
-49,114,output_1560.wav
-157,43,output_1561.wav
14,181,output_1562.wav
170,-13,output_1563.wav
-3,185,output_1564.wav
104,-41,output_1565.wav
90,-145,output_1566.wav
2,-106,output_1567.wav
-179,140,output_1568.wav
-40,-123,output_1569.wav
-31,85,output_1570.wav
-184,-52,output_1571.wav
-120,-98,output_1572.wav
82,160,output_1573.wav
23,-124,output_1574.wav
-53,3,output_1575.wav
-106,70,output_1576.wav
124,-162,output_1577.wav
-2,-22,output_1578.wav
-53,-56,output_1579.wav
62,-163,output_1580.wav
127,93,output_1581.wav
-190,-59,output_1582.wav
121,191,output_1583.wav
165,-86,output_1584.wav
59,37,output_1585.wav
69,156,output_1586.wav
74,153,output_1587.wav
30,37,output_1588.wav
-75,-191,output_1589.wav
-97,106,output_1590.wav
165,-34,output_1591.wav
-193,-49,output_1592.wav
-110,-169,output_1593.wav
-193,72,output_1594.wav
55,-42,output_1595.wav
-115,19,output_1596.wav
133,63,output_1597.wav
-2,-155,output_1598.wav
-8,-95,output_1599.wav
170,100,output_1600.wav
-27,-182,output_1601.wav
2,199,output_1602.wav
143,167,output_1603.wav
45,-88,output_1604.wav
9,-128,output_1605.wav
189,-86,output_1606.wav
117,-186,output_1607.wav
-12,153,output_1608.wav
174,-146,output_1609.wav
101,-123,output_1610.wav
-122,98,output_1611.wav
123,-192,output_1612.wav
-35,116,output_1613.wav
-152,122,output_1614.wav
150,-48,output_1615.wav
-91,83,output_1616.wav
185,32,output_1617.wav
-23,-88,output_1618.wav
68,-129,output_1619.wav
88,42,output_1620.wav
-190,-148,output_1621.wav
114,24,output_1622.wav
106,45,output_1623.wav
54,-80,output_1624.wav
145,55,output_1625.wav
-127,-90,output_1626.wav
-129,125,output_1627.wav
100,-31,output_1628.wav
151,168,output_1629.wav
-49,77,output_1630.wav
-190,189,output_1631.wav
-25,-66,output_1632.wav
16,-134,output_1633.wav
68,126,output_1634.wav
-66,-176,output_1635.wav
-194,105,output_1636.wav
37,-22,output_1637.wav
72,153,output_1638.wav
-61,146,output_1639.wav
30,128,output_1640.wav
-82,-4,output_1641.wav
-10,111,output_1642.wav
-19,149,output_1643.wav
-140,-70,output_1644.wav
64,153,output_1645.wav
-66,-192,output_1646.wav
78,35,output_1647.wav
113,82,output_1648.wav
15,191,output_1649.wav
-149,-108,output_1650.wav
-23,127,output_1651.wav
199,-103,output_1652.wav
-160,158,output_1653.wav
-123,-92,output_1654.wav
-191,-33,output_1655.wav
-16,5,output_1656.wav
21,-86,output_1657.wav
-125,-199,output_1658.wav
78,-29,output_1659.wav
73,-118,output_1660.wav
168,-59,output_1661.wav
-61,147,output_1662.wav
48,14,output_1663.wav
159,153,output_1664.wav
190,-173,output_1665.wav
-3,159,output_1666.wav
141,24,output_1667.wav
86,-24,output_1668.wav
-138,61,output_1669.wav
-55,17,output_1670.wav
59,139,output_1671.wav
-141,-66,output_1672.wav
-27,98,output_1673.wav
89,78,output_1674.wav
137,113,output_1675.wav
168,-149,output_1676.wav
21,-93,output_1677.wav
90,130,output_1678.wav
91,139,output_1679.wav
173,-32,output_1680.wav
-44,150,output_1681.wav
-111,-78,output_1682.wav
51,111,output_1683.wav
-104,4,output_1684.wav
155,-183,output_1685.wav
-47,-112,output_1686.wav
-89,28,output_1687.wav
15,-65,output_1688.wav
187,-181,output_1689.wav
-102,-115,output_1690.wav
6,-169,output_1691.wav
-20,-145,output_1692.wav
158,-132,output_1693.wav
106,-12,output_1694.wav
-160,157,output_1695.wav
-11,-114,output_1696.wav
165,94,output_1697.wav
50,-167,output_1698.wav
96,145,output_1699.wav
188,-48,output_1700.wav
177,31,output_1701.wav
140,110,output_1702.wav
-164,-9,output_1703.wav
-90,-162,output_1704.wav
-99,79,output_1705.wav
-164,172,output_1706.wav
-102,123,output_1707.wav
-181,-162,output_1708.wav
36,-178,output_1709.wav
32,-91,output_1710.wav
37,-175,output_1711.wav
-131,-197,output_1712.wav
121,145,output_1713.wav
104,89,output_1714.wav
190,97,output_1715.wav
-43,141,output_1716.wav
107,-35,output_1717.wav
-69,-186,output_1718.wav
140,-138,output_1719.wav
-31,-40,output_1720.wav
-122,-8,output_1721.wav
-8,-96,output_1722.wav
172,84,output_1723.wav
50,-168,output_1724.wav
56,-53,output_1725.wav
106,154,output_1726.wav
-42,116,output_1727.wav
16,88,output_1728.wav
-61,3,output_1729.wav
121,-96,output_1730.wav
-160,60,output_1731.wav
78,190,output_1732.wav
-115,60,output_1733.wav
160,189,output_1734.wav
34,6,output_1735.wav
179,-160,output_1736.wav
184,-65,output_1737.wav
-90,-20,output_1738.wav
-91,29,output_1739.wav
-147,-49,output_1740.wav
192,-56,output_1741.wav
64,-32,output_1742.wav
166,68,output_1743.wav
-2,-38,output_1744.wav
-180,47,output_1745.wav
94,194,output_1746.wav
164,104,output_1747.wav
-85,126,output_1748.wav
196,-163,output_1749.wav
-53,-32,output_1750.wav
84,-2,output_1751.wav
-65,85,output_1752.wav
-26,-162,output_1753.wav
-57,-116,output_1754.wav
49,-176,output_1755.wav
-71,-123,output_1756.wav
28,82,output_1757.wav
-4,-185,output_1758.wav
109,-32,output_1759.wav
30,185,output_1760.wav
-187,157,output_1761.wav
-95,128,output_1762.wav
-161,-68,output_1763.wav
98,-184,output_1764.wav
24,26,output_1765.wav
-80,-184,output_1766.wav
-143,180,output_1767.wav
-56,-84,output_1768.wav
52,-7,output_1769.wav
-60,186,output_1770.wav
120,-150,output_1771.wav
-174,-57,output_1772.wav
-25,-3,output_1773.wav
-141,13,output_1774.wav
-33,81,output_1775.wav
-126,140,output_1776.wav
47,-138,output_1777.wav
-55,199,output_1778.wav
195,-15,output_1779.wav
-9,187,output_1780.wav
-162,153,output_1781.wav
-63,113,output_1782.wav
-198,33,output_1783.wav
-12,-190,output_1784.wav
-55,118,output_1785.wav
-197,-63,output_1786.wav
-26,107,output_1787.wav
-137,167,output_1788.wav
197,65,output_1789.wav
-133,60,output_1790.wav
113,-200,output_1791.wav
-119,-185,output_1792.wav
-199,163,output_1793.wav
-46,129,output_1794.wav
9,-159,output_1795.wav
-3,-197,output_1796.wav
-8,-130,output_1797.wav
-178,67,output_1798.wav
137,109,output_1799.wav
127,108,output_1800.wav
-29,-110,output_1801.wav
-21,-78,output_1802.wav
-157,119,output_1803.wav
196,-72,output_1804.wav
-81,36,output_1805.wav
-127,-105,output_1806.wav
-180,133,output_1807.wav
154,172,output_1808.wav
-39,-8,output_1809.wav
28,60,output_1810.wav
-64,34,output_1811.wav
-148,198,output_1812.wav
152,165,output_1813.wav
168,153,output_1814.wav
196,-139,output_1815.wav
-16,18,output_1816.wav
88,35,output_1817.wav
178,126,output_1818.wav
-68,64,output_1819.wav
92,-171,output_1820.wav
88,138,output_1821.wav
-175,-90,output_1822.wav
-100,-15,output_1823.wav
58,76,output_1824.wav
-23,-94,output_1825.wav
-18,-12,output_1826.wav
64,106,output_1827.wav
-189,65,output_1828.wav
-112,114,output_1829.wav
-173,-57,output_1830.wav
-125,163,output_1831.wav
78,87,output_1832.wav
117,-185,output_1833.wav
-44,-178,output_1834.wav
128,36,output_1835.wav
-42,-151,output_1836.wav
-61,-124,output_1837.wav
95,84,output_1838.wav
29,-37,output_1839.wav
-105,132,output_1840.wav
141,23,output_1841.wav
87,192,output_1842.wav
177,-77,output_1843.wav
156,89,output_1844.wav
-55,-69,output_1845.wav
-34,135,output_1846.wav
77,-104,output_1847.wav
-35,191,output_1848.wav
112,-69,output_1849.wav
-177,-49,output_1850.wav
160,79,output_1851.wav
57,-56,output_1852.wav
-199,124,output_1853.wav
111,117,output_1854.wav
-200,19,output_1855.wav
-51,-85,output_1856.wav
-100,15,output_1857.wav
94,67,output_1858.wav
-169,-169,output_1859.wav
108,65,output_1860.wav
-45,-21,output_1861.wav
188,2,output_1862.wav
-167,-195,output_1863.wav
108,-43,output_1864.wav
-106,-43,output_1865.wav
168,33,output_1866.wav
167,3,output_1867.wav
47,31,output_1868.wav
-111,-158,output_1869.wav
112,130,output_1870.wav
-138,55,output_1871.wav
82,-149,output_1872.wav
151,-132,output_1873.wav
-141,118,output_1874.wav
-98,-17,output_1875.wav
-129,-41,output_1876.wav
-38,172,output_1877.wav
-83,-129,output_1878.wav
132,-36,output_1879.wav
-121,-156,output_1880.wav
-95,-163,output_1881.wav
105,80,output_1882.wav
-117,94,output_1883.wav
-95,197,output_1884.wav
-11,42,output_1885.wav
180,-117,output_1886.wav
-173,-43,output_1887.wav
-7,-8,output_1888.wav
8,-117,output_1889.wav
50,172,output_1890.wav
-85,-156,output_1891.wav
191,-48,output_1892.wav
119,107,output_1893.wav
-167,-164,output_1894.wav
13,-36,output_1895.wav
-17,-10,output_1896.wav
7,46,output_1897.wav
-114,-166,output_1898.wav
129,-191,output_1899.wav
187,-130,output_1900.wav
96,167,output_1901.wav
40,-80,output_1902.wav
33,-107,output_1903.wav
93,-10,output_1904.wav
-119,-38,output_1905.wav
9,29,output_1906.wav
120,103,output_1907.wav
190,152,output_1908.wav
193,-55,output_1909.wav
-127,-191,output_1910.wav
38,109,output_1911.wav
-19,68,output_1912.wav
-46,-58,output_1913.wav
-95,177,output_1914.wav
195,-141,output_1915.wav
-28,177,output_1916.wav
114,19,output_1917.wav
-86,-49,output_1918.wav
151,-9,output_1919.wav
-122,126,output_1920.wav
33,75,output_1921.wav
-4,-178,output_1922.wav
-121,124,output_1923.wav
74,109,output_1924.wav
-189,184,output_1925.wav
-125,-53,output_1926.wav
107,176,output_1927.wav
-83,98,output_1928.wav
114,10,output_1929.wav
57,64,output_1930.wav
41,-144,output_1931.wav
-7,43,output_1932.wav
-9,105,output_1933.wav
48,-13,output_1934.wav
-22,29,output_1935.wav
-171,55,output_1936.wav
-49,-101,output_1937.wav
-107,119,output_1938.wav
16,125,output_1939.wav
110,-43,output_1940.wav
-184,113,output_1941.wav
8,9,output_1942.wav
-147,72,output_1943.wav
99,-9,output_1944.wav
83,161,output_1945.wav
140,-164,output_1946.wav
-182,-157,output_1947.wav
152,50,output_1948.wav
25,-154,output_1949.wav
-150,-162,output_1950.wav
-24,25,output_1951.wav
-95,-44,output_1952.wav
-142,84,output_1953.wav
-108,176,output_1954.wav
-94,184,output_1955.wav
-6,100,output_1956.wav
-117,-30,output_1957.wav
-29,-117,output_1958.wav
-30,78,output_1959.wav
-181,138,output_1960.wav
-86,199,output_1961.wav
-170,-53,output_1962.wav
7,-85,output_1963.wav
55,-174,output_1964.wav
63,110,output_1965.wav
182,52,output_1966.wav
-44,-115,output_1967.wav
68,49,output_1968.wav
-86,46,output_1969.wav
-58,-106,output_1970.wav
34,-50,output_1971.wav
36,-11,output_1972.wav
-62,152,output_1973.wav
-189,-39,output_1974.wav
-110,156,output_1975.wav
36,-47,output_1976.wav
-24,-13,output_1977.wav
-112,59,output_1978.wav
11,-76,output_1979.wav
-88,-140,output_1980.wav
34,127,output_1981.wav
-2,179,output_1982.wav
65,-18,output_1983.wav
-104,-129,output_1984.wav
-120,-139,output_1985.wav
-94,96,output_1986.wav
-166,69,output_1987.wav
140,15,output_1988.wav
144,-120,output_1989.wav
-96,-105,output_1990.wav
-172,56,output_1991.wav
114,111,output_1992.wav
139,49,output_1993.wav
169,-84,output_1994.wav
-160,11,output_1995.wav
188,-95,output_1996.wav
176,1,output_1997.wav
-130,-200,output_1998.wav
-3,9,output_1999.wav
167,-16,output_2000.wav
143,-17,output_2001.wav
-147,-191,output_2002.wav
-31,190,output_2003.wav
49,-80,output_2004.wav
-48,169,output_2005.wav
169,181,output_2006.wav
79,-11,output_2007.wav
155,138,output_2008.wav
-78,177,output_2009.wav
16,165,output_2010.wav
111,-14,output_2011.wav
64,133,output_2012.wav
55,64,output_2013.wav
164,-165,output_2014.wav
134,88,output_2015.wav
34,4,output_2016.wav
-123,40,output_2017.wav
137,-186,output_2018.wav
67,197,output_2019.wav
-36,80,output_2020.wav
138,-34,output_2021.wav
-116,-91,output_2022.wav
189,-86,output_2023.wav
-16,-2,output_2024.wav
-157,-113,output_2025.wav
73,-108,output_2026.wav
153,25,output_2027.wav
-82,8,output_2028.wav
-143,-89,output_2029.wav
-41,-116,output_2030.wav
-163,79,output_2031.wav
-85,-75,output_2032.wav
102,71,output_2033.wav
-121,58,output_2034.wav
-56,-178,output_2035.wav
-19,-45,output_2036.wav
-154,-139,output_2037.wav
36,-197,output_2038.wav
38,125,output_2039.wav
-95,-87,output_2040.wav
-154,158,output_2041.wav
-168,115,output_2042.wav
-110,188,output_2043.wav
-50,53,output_2044.wav
91,-56,output_2045.wav
-1,-183,output_2046.wav
160,-138,output_2047.wav
13,-59,output_2048.wav
59,-106,output_2049.wav
-183,138,output_2050.wav
198,134,output_2051.wav
116,-134,output_2052.wav
-43,162,output_2053.wav
182,118,output_2054.wav
-140,108,output_2055.wav
-151,65,output_2056.wav
42,-94,output_2057.wav
-68,-169,output_2058.wav
16,172,output_2059.wav
125,119,output_2060.wav
46,125,output_2061.wav
-111,-80,output_2062.wav
34,-190,output_2063.wav
109,31,output_2064.wav
-114,-86,output_2065.wav
199,114,output_2066.wav
174,124,output_2067.wav
103,84,output_2068.wav
46,-21,output_2069.wav
-45,145,output_2070.wav
129,1,output_2071.wav
77,-118,output_2072.wav
152,-114,output_2073.wav
-49,-149,output_2074.wav
-194,-109,output_2075.wav
135,154,output_2076.wav
155,39,output_2077.wav
64,-166,output_2078.wav
-136,2,output_2079.wav
-49,156,output_2080.wav
23,-101,output_2081.wav
-178,157,output_2082.wav
32,-103,output_2083.wav
-94,124,output_2084.wav
-69,-103,output_2085.wav
178,-42,output_2086.wav
-83,-69,output_2087.wav
136,154,output_2088.wav
-178,-183,output_2089.wav
23,-111,output_2090.wav
2,-61,output_2091.wav
64,-51,output_2092.wav
-168,-101,output_2093.wav
-35,-83,output_2094.wav
32,-184,output_2095.wav
-194,24,output_2096.wav
-195,165,output_2097.wav
-140,-28,output_2098.wav
-172,-146,output_2099.wav
-175,-31,output_2100.wav
93,148,output_2101.wav
-166,181,output_2102.wav
-88,125,output_2103.wav
-123,-80,output_2104.wav
38,116,output_2105.wav
166,-84,output_2106.wav
98,13,output_2107.wav
179,-50,output_2108.wav
-32,45,output_2109.wav
9,45,output_2110.wav
-4,135,output_2111.wav
134,-28,output_2112.wav
-97,79,output_2113.wav
76,96,output_2114.wav
-83,12,output_2115.wav
-88,117,output_2116.wav
190,-32,output_2117.wav
-14,9,output_2118.wav
87,39,output_2119.wav
-1,-194,output_2120.wav
-5,-148,output_2121.wav
-52,-55,output_2122.wav
176,-21,output_2123.wav
-165,-74,output_2124.wav
162,194,output_2125.wav
-120,80,output_2126.wav
56,161,output_2127.wav
-58,61,output_2128.wav
-33,-53,output_2129.wav
4,-173,output_2130.wav
177,170,output_2131.wav
-169,193,output_2132.wav
111,-99,output_2133.wav
-118,131,output_2134.wav
-94,84,output_2135.wav
-196,-41,output_2136.wav
-10,178,output_2137.wav
-81,108,output_2138.wav
15,-185,output_2139.wav
132,198,output_2140.wav
-109,-101,output_2141.wav
167,196,output_2142.wav
-143,-191,output_2143.wav
-49,69,output_2144.wav
83,-171,output_2145.wav
-162,110,output_2146.wav
187,-55,output_2147.wav
138,114,output_2148.wav
98,-93,output_2149.wav
125,175,output_2150.wav
-33,37,output_2151.wav
116,167,output_2152.wav
0,-196,output_2153.wav
109,93,output_2154.wav
-64,76,output_2155.wav
180,188,output_2156.wav
131,127,output_2157.wav
88,-199,output_2158.wav
-187,76,output_2159.wav
27,124,output_2160.wav
34,-80,output_2161.wav
65,33,output_2162.wav
-59,94,output_2163.wav
89,169,output_2164.wav
-102,-107,output_2165.wav
99,30,output_2166.wav
110,148,output_2167.wav
15,-107,output_2168.wav
192,-127,output_2169.wav
82,-33,output_2170.wav
-161,-129,output_2171.wav
108,-43,output_2172.wav
-157,142,output_2173.wav
-66,74,output_2174.wav
4,125,output_2175.wav
-170,187,output_2176.wav
-11,-40,output_2177.wav
-196,-84,output_2178.wav
111,-71,output_2179.wav
97,123,output_2180.wav
134,-67,output_2181.wav
-178,-170,output_2182.wav
-104,199,output_2183.wav
86,-184,output_2184.wav
163,75,output_2185.wav
-91,-164,output_2186.wav
2,7,output_2187.wav
-158,-150,output_2188.wav
-5,-182,output_2189.wav
96,153,output_2190.wav
88,-151,output_2191.wav
74,18,output_2192.wav
-75,42,output_2193.wav
168,134,output_2194.wav
-70,-71,output_2195.wav
-118,-34,output_2196.wav
37,-190,output_2197.wav
33,-115,output_2198.wav
182,-185,output_2199.wav
-63,-10,output_2200.wav
-68,124,output_2201.wav
-106,136,output_2202.wav
48,166,output_2203.wav
156,127,output_2204.wav
91,31,output_2205.wav
125,-193,output_2206.wav
-48,-97,output_2207.wav
191,-194,output_2208.wav
-36,11,output_2209.wav
-103,-3,output_2210.wav
79,151,output_2211.wav
-19,-175,output_2212.wav
-38,-149,output_2213.wav
-35,-35,output_2214.wav
194,114,output_2215.wav
194,162,output_2216.wav
-194,-193,output_2217.wav
68,185,output_2218.wav
-86,49,output_2219.wav
190,-117,output_2220.wav
85,-52,output_2221.wav
53,-18,output_2222.wav
132,37,output_2223.wav
-89,-86,output_2224.wav
97,116,output_2225.wav
20,-145,output_2226.wav
166,-27,output_2227.wav
125,95,output_2228.wav
19,192,output_2229.wav
4,-3,output_2230.wav
-26,-60,output_2231.wav
-190,-42,output_2232.wav
17,-94,output_2233.wav
105,38,output_2234.wav
46,29,output_2235.wav
118,158,output_2236.wav
89,-163,output_2237.wav
-176,7,output_2238.wav
-36,-46,output_2239.wav
181,-159,output_2240.wav
61,169,output_2241.wav
-196,-33,output_2242.wav
107,78,output_2243.wav
151,128,output_2244.wav
-151,119,output_2245.wav
-22,198,output_2246.wav
31,-87,output_2247.wav
-116,32,output_2248.wav
-37,-137,output_2249.wav
187,-45,output_2250.wav
26,-4,output_2251.wav
6,190,output_2252.wav
-29,48,output_2253.wav
76,59,output_2254.wav
9,-128,output_2255.wav
-181,153,output_2256.wav
127,153,output_2257.wav
193,194,output_2258.wav
-53,-63,output_2259.wav
44,-119,output_2260.wav
-197,86,output_2261.wav
-2,-173,output_2262.wav
-145,-19,output_2263.wav
173,-102,output_2264.wav
-96,101,output_2265.wav
88,-81,output_2266.wav
-130,156,output_2267.wav
45,-43,output_2268.wav
-95,21,output_2269.wav
85,-23,output_2270.wav
65,-195,output_2271.wav
105,121,output_2272.wav
-94,-14,output_2273.wav
34,20,output_2274.wav
-13,164,output_2275.wav
-95,-120,output_2276.wav
-122,42,output_2277.wav
117,193,output_2278.wav
55,-87,output_2279.wav
-144,196,output_2280.wav
-32,2,output_2281.wav
3,-72,output_2282.wav
-2,136,output_2283.wav
-198,-99,output_2284.wav
99,4,output_2285.wav
-120,-60,output_2286.wav
-131,-156,output_2287.wav
110,101,output_2288.wav
159,-178,output_2289.wav
-20,-189,output_2290.wav
-122,112,output_2291.wav
24,-57,output_2292.wav
109,-21,output_2293.wav
140,4,output_2294.wav
-119,50,output_2295.wav
98,131,output_2296.wav
-27,-86,output_2297.wav
-94,-54,output_2298.wav
-89,68,output_2299.wav
22,-198,output_2300.wav
151,-5,output_2301.wav
45,-198,output_2302.wav
41,-97,output_2303.wav
156,51,output_2304.wav
73,-85,output_2305.wav
-50,68,output_2306.wav
-102,14,output_2307.wav
120,-190,output_2308.wav
35,66,output_2309.wav
-113,-8,output_2310.wav
133,62,output_2311.wav
-116,173,output_2312.wav
-157,-76,output_2313.wav
-136,46,output_2314.wav
-10,5,output_2315.wav
89,-168,output_2316.wav
-182,186,output_2317.wav
72,-141,output_2318.wav
-12,-10,output_2319.wav
23,197,output_2320.wav
-157,71,output_2321.wav
163,75,output_2322.wav
17,172,output_2323.wav
112,76,output_2324.wav
142,-4,output_2325.wav
92,152,output_2326.wav
178,90,output_2327.wav
-90,12,output_2328.wav
170,161,output_2329.wav
-27,-60,output_2330.wav
102,-199,output_2331.wav
-22,42,output_2332.wav
190,68,output_2333.wav
-105,137,output_2334.wav
-130,-139,output_2335.wav
-182,27,output_2336.wav
-128,165,output_2337.wav
117,-166,output_2338.wav
37,135,output_2339.wav
115,-107,output_2340.wav
-18,27,output_2341.wav
186,11,output_2342.wav
-74,134,output_2343.wav
-145,187,output_2344.wav
22,-127,output_2345.wav
-1,-96,output_2346.wav
-67,-13,output_2347.wav
181,182,output_2348.wav
-146,-162,output_2349.wav
39,40,output_2350.wav
14,146,output_2351.wav
137,52,output_2352.wav
-90,160,output_2353.wav
138,83,output_2354.wav
-113,45,output_2355.wav
55,134,output_2356.wav
139,50,output_2357.wav
-100,-27,output_2358.wav
183,69,output_2359.wav
3,138,output_2360.wav
52,-66,output_2361.wav
166,40,output_2362.wav
92,17,output_2363.wav
-151,-37,output_2364.wav
54,148,output_2365.wav
136,-30,output_2366.wav
4,-143,output_2367.wav
-105,77,output_2368.wav
89,-178,output_2369.wav
-176,-182,output_2370.wav
-42,114,output_2371.wav
135,4,output_2372.wav
153,42,output_2373.wav
182,-66,output_2374.wav
80,-54,output_2375.wav
-150,-104,output_2376.wav
-117,-66,output_2377.wav
179,-67,output_2378.wav
-82,-174,output_2379.wav
146,-163,output_2380.wav
31,-126,output_2381.wav
-138,-21,output_2382.wav
-51,5,output_2383.wav
57,-113,output_2384.wav
90,-192,output_2385.wav
20,-166,output_2386.wav
38,-141,output_2387.wav
-111,55,output_2388.wav
73,-51,output_2389.wav
116,101,output_2390.wav
116,-147,output_2391.wav
-51,-28,output_2392.wav
55,-21,output_2393.wav
-189,-29,output_2394.wav
172,63,output_2395.wav
-112,-163,output_2396.wav
186,140,output_2397.wav
83,-62,output_2398.wav
131,150,output_2399.wav
-149,170,output_2400.wav
24,188,output_2401.wav
90,175,output_2402.wav
115,-122,output_2403.wav
158,187,output_2404.wav
4,-71,output_2405.wav
60,57,output_2406.wav
16,-172,output_2407.wav
97,137,output_2408.wav
-133,192,output_2409.wav
109,126,output_2410.wav
-133,-76,output_2411.wav
-149,37,output_2412.wav
-155,106,output_2413.wav
-130,-119,output_2414.wav
34,33,output_2415.wav
-62,-64,output_2416.wav
42,160,output_2417.wav
-87,130,output_2418.wav
0,93,output_2419.wav
110,-199,output_2420.wav
-140,-16,output_2421.wav
92,-133,output_2422.wav
-145,62,output_2423.wav
-115,138,output_2424.wav
186,90,output_2425.wav
-4,96,output_2426.wav
154,-87,output_2427.wav
-165,-159,output_2428.wav
-104,-156,output_2429.wav
-22,127,output_2430.wav
-74,-139,output_2431.wav
33,37,output_2432.wav
167,-49,output_2433.wav
-92,-33,output_2434.wav
-122,78,output_2435.wav
152,104,output_2436.wav
-83,39,output_2437.wav
101,97,output_2438.wav
-131,29,output_2439.wav
115,-143,output_2440.wav
195,84,output_2441.wav
4,-190,output_2442.wav
-7,-74,output_2443.wav
62,123,output_2444.wav
86,138,output_2445.wav
-156,-8,output_2446.wav
-127,69,output_2447.wav
-59,-58,output_2448.wav
-5,-161,output_2449.wav
-8,25,output_2450.wav
28,-47,output_2451.wav
-105,-11,output_2452.wav
83,-132,output_2453.wav
-73,169,output_2454.wav
-160,63,output_2455.wav
39,-5,output_2456.wav
-179,-38,output_2457.wav
125,-59,output_2458.wav
-155,50,output_2459.wav
-17,-29,output_2460.wav
-49,164,output_2461.wav
73,136,output_2462.wav
76,-170,output_2463.wav
-52,-68,output_2464.wav
-197,-128,output_2465.wav
-109,-59,output_2466.wav
180,-149,output_2467.wav
143,87,output_2468.wav
-165,28,output_2469.wav
182,-86,output_2470.wav
-112,-38,output_2471.wav
180,-133,output_2472.wav
-20,-129,output_2473.wav
-120,-147,output_2474.wav
83,-102,output_2475.wav
-79,-113,output_2476.wav
-114,148,output_2477.wav
-152,-47,output_2478.wav
35,-175,output_2479.wav
-71,157,output_2480.wav
-35,-130,output_2481.wav
-94,38,output_2482.wav
-181,-159,output_2483.wav
-65,77,output_2484.wav
158,59,output_2485.wav
196,51,output_2486.wav
75,-55,output_2487.wav
18,145,output_2488.wav
28,-4,output_2489.wav
-163,33,output_2490.wav
-30,-44,output_2491.wav
-52,21,output_2492.wav
34,161,output_2493.wav
67,108,output_2494.wav
47,47,output_2495.wav
196,-106,output_2496.wav
-30,-88,output_2497.wav
174,88,output_2498.wav
161,119,output_2499.wav
22,124,output_2500.wav
1,164,output_2501.wav
-128,100,output_2502.wav
-23,20,output_2503.wav
-36,-79,output_2504.wav
-194,8,output_2505.wav
-117,145,output_2506.wav
169,-108,output_2507.wav
-150,196,output_2508.wav
-186,-50,output_2509.wav
-129,96,output_2510.wav
63,-67,output_2511.wav
41,-56,output_2512.wav
52,-190,output_2513.wav
24,-37,output_2514.wav
112,10,output_2515.wav
90,77,output_2516.wav
152,98,output_2517.wav
-188,-142,output_2518.wav
-23,-139,output_2519.wav
65,64,output_2520.wav
101,17,output_2521.wav
-155,-123,output_2522.wav
-83,178,output_2523.wav
45,180,output_2524.wav
44,15,output_2525.wav
-88,18,output_2526.wav
-156,133,output_2527.wav
141,-138,output_2528.wav
8,51,output_2529.wav
-134,161,output_2530.wav
-49,-193,output_2531.wav
182,114,output_2532.wav
-53,-10,output_2533.wav
16,-14,output_2534.wav
-51,-120,output_2535.wav
121,-82,output_2536.wav
-189,-112,output_2537.wav
-133,-16,output_2538.wav
-39,46,output_2539.wav
-25,111,output_2540.wav
-108,143,output_2541.wav
-139,56,output_2542.wav
-43,-147,output_2543.wav
-137,-94,output_2544.wav
146,-47,output_2545.wav
-161,92,output_2546.wav
-123,-148,output_2547.wav
-131,-75,output_2548.wav
177,-192,output_2549.wav
-10,140,output_2550.wav
-55,141,output_2551.wav
114,-137,output_2552.wav
72,170,output_2553.wav
-176,173,output_2554.wav
-94,-198,output_2555.wav
-42,119,output_2556.wav
-42,89,output_2557.wav
-120,123,output_2558.wav
82,61,output_2559.wav
-197,102,output_2560.wav
125,-54,output_2561.wav
116,25,output_2562.wav
38,-168,output_2563.wav
-167,-54,output_2564.wav
149,-77,output_2565.wav
-183,-151,output_2566.wav
81,-58,output_2567.wav
-1,67,output_2568.wav
-24,-175,output_2569.wav
171,184,output_2570.wav
-123,-81,output_2571.wav
-145,-174,output_2572.wav
161,82,output_2573.wav
155,125,output_2574.wav
-5,44,output_2575.wav
-179,-190,output_2576.wav
-46,-4,output_2577.wav
-82,34,output_2578.wav
46,-24,output_2579.wav
165,186,output_2580.wav
-31,-13,output_2581.wav
-19,-173,output_2582.wav
-61,-179,output_2583.wav
-57,-20,output_2584.wav
-6,59,output_2585.wav
198,-200,output_2586.wav
111,-55,output_2587.wav
-100,-82,output_2588.wav
-37,-104,output_2589.wav
71,-81,output_2590.wav
158,55,output_2591.wav
-63,-170,output_2592.wav
37,191,output_2593.wav
96,-172,output_2594.wav
-94,-17,output_2595.wav
171,-183,output_2596.wav
65,61,output_2597.wav
-169,27,output_2598.wav
148,-45,output_2599.wav
31,-52,output_2600.wav
5,-56,output_2601.wav
-24,-162,output_2602.wav
168,-120,output_2603.wav
165,138,output_2604.wav
198,-61,output_2605.wav
-90,-100,output_2606.wav
-170,198,output_2607.wav
48,35,output_2608.wav
-62,66,output_2609.wav
161,-122,output_2610.wav
-4,30,output_2611.wav
98,63,output_2612.wav
47,-127,output_2613.wav
90,90,output_2614.wav
105,-166,output_2615.wav
-53,49,output_2616.wav
84,-8,output_2617.wav
-4,45,output_2618.wav
-156,-144,output_2619.wav
123,86,output_2620.wav
-163,29,output_2621.wav
-68,10,output_2622.wav
20,152,output_2623.wav
104,154,output_2624.wav
33,-117,output_2625.wav
176,184,output_2626.wav
2,18,output_2627.wav
167,-103,output_2628.wav
146,77,output_2629.wav
123,-114,output_2630.wav
-146,187,output_2631.wav
75,-7,output_2632.wav
68,-119,output_2633.wav
153,58,output_2634.wav
-135,-197,output_2635.wav
-117,-82,output_2636.wav
28,67,output_2637.wav
-57,-162,output_2638.wav
-10,32,output_2639.wav
107,159,output_2640.wav
-25,-175,output_2641.wav
90,24,output_2642.wav
-9,181,output_2643.wav
111,162,output_2644.wav
126,-198,output_2645.wav
73,-76,output_2646.wav
37,-114,output_2647.wav
110,-124,output_2648.wav
98,2,output_2649.wav
-145,-172,output_2650.wav
-6,-155,output_2651.wav
-136,-183,output_2652.wav
149,181,output_2653.wav
73,130,output_2654.wav
58,45,output_2655.wav
-110,-154,output_2656.wav
-95,154,output_2657.wav
-174,-65,output_2658.wav
174,-118,output_2659.wav
19,-68,output_2660.wav
14,-155,output_2661.wav
168,-162,output_2662.wav
192,127,output_2663.wav
192,159,output_2664.wav
125,173,output_2665.wav
180,110,output_2666.wav
116,36,output_2667.wav
-94,-50,output_2668.wav
169,-103,output_2669.wav
141,-55,output_2670.wav
46,-33,output_2671.wav
-105,73,output_2672.wav
-46,-23,output_2673.wav
147,197,output_2674.wav
12,-117,output_2675.wav
148,-12,output_2676.wav
-79,-174,output_2677.wav
161,-181,output_2678.wav
198,110,output_2679.wav
-90,37,output_2680.wav
196,54,output_2681.wav
-94,-108,output_2682.wav
81,176,output_2683.wav
158,-69,output_2684.wav
-95,89,output_2685.wav
181,-74,output_2686.wav
-106,-36,output_2687.wav
-13,-119,output_2688.wav
80,9,output_2689.wav
13,-131,output_2690.wav
-151,141,output_2691.wav
66,116,output_2692.wav
-181,-22,output_2693.wav
-178,-178,output_2694.wav
-187,-155,output_2695.wav
-25,-39,output_2696.wav
-71,80,output_2697.wav
-59,-192,output_2698.wav
5,2,output_2699.wav
127,194,output_2700.wav
87,-138,output_2701.wav
42,-189,output_2702.wav
45,-26,output_2703.wav
21,2,output_2704.wav
-131,-75,output_2705.wav
73,161,output_2706.wav
107,-59,output_2707.wav
-98,173,output_2708.wav
40,-42,output_2709.wav
-11,169,output_2710.wav
-85,146,output_2711.wav
-116,79,output_2712.wav
-111,17,output_2713.wav
179,-135,output_2714.wav
51,-65,output_2715.wav
-196,5,output_2716.wav
20,-181,output_2717.wav
60,79,output_2718.wav
182,-150,output_2719.wav
143,199,output_2720.wav
-72,123,output_2721.wav
23,-188,output_2722.wav
101,-60,output_2723.wav
-132,51,output_2724.wav
-199,160,output_2725.wav
162,181,output_2726.wav
99,-158,output_2727.wav
-6,-143,output_2728.wav
-162,-46,output_2729.wav
-84,55,output_2730.wav
-159,-63,output_2731.wav
-39,-131,output_2732.wav
-107,-63,output_2733.wav
-144,147,output_2734.wav
2,74,output_2735.wav
116,27,output_2736.wav
-28,69,output_2737.wav
21,154,output_2738.wav
-118,186,output_2739.wav
47,-159,output_2740.wav
18,-40,output_2741.wav
104,-184,output_2742.wav
96,9,output_2743.wav
-11,56,output_2744.wav
89,-29,output_2745.wav
85,-11,output_2746.wav
-20,-15,output_2747.wav
195,124,output_2748.wav
12,-97,output_2749.wav
-121,115,output_2750.wav
-167,46,output_2751.wav
35,-119,output_2752.wav
133,74,output_2753.wav
-51,107,output_2754.wav
145,110,output_2755.wav
19,102,output_2756.wav
55,199,output_2757.wav
-189,-8,output_2758.wav
129,-130,output_2759.wav
-14,-3,output_2760.wav
-189,90,output_2761.wav
185,95,output_2762.wav
105,5,output_2763.wav
39,76,output_2764.wav
64,-46,output_2765.wav
-149,50,output_2766.wav
192,11,output_2767.wav
4,-143,output_2768.wav
11,155,output_2769.wav
40,-55,output_2770.wav
-51,13,output_2771.wav
-56,-177,output_2772.wav
-56,3,output_2773.wav
-170,-130,output_2774.wav
111,48,output_2775.wav
194,57,output_2776.wav
184,70,output_2777.wav
52,-167,output_2778.wav
-78,111,output_2779.wav
80,173,output_2780.wav
120,113,output_2781.wav
-78,129,output_2782.wav
-109,-50,output_2783.wav
97,25,output_2784.wav
-172,17,output_2785.wav
42,-54,output_2786.wav
-162,-57,output_2787.wav
-79,115,output_2788.wav
96,3,output_2789.wav
175,103,output_2790.wav
-167,187,output_2791.wav
-142,148,output_2792.wav
2,-118,output_2793.wav
96,-37,output_2794.wav
-146,101,output_2795.wav
-165,-157,output_2796.wav
-119,68,output_2797.wav
-187,-27,output_2798.wav
-145,104,output_2799.wav
-189,120,output_2800.wav
8,0,output_2801.wav
-91,-15,output_2802.wav
122,98,output_2803.wav
-6,117,output_2804.wav
74,-185,output_2805.wav
62,-153,output_2806.wav
-151,86,output_2807.wav
193,-134,output_2808.wav
110,82,output_2809.wav
-3,185,output_2810.wav
168,115,output_2811.wav
28,67,output_2812.wav
-137,-24,output_2813.wav
-128,-25,output_2814.wav
21,-8,output_2815.wav
10,188,output_2816.wav
38,75,output_2817.wav
-142,-124,output_2818.wav
69,-62,output_2819.wav
-12,66,output_2820.wav
-43,-180,output_2821.wav
-131,96,output_2822.wav
190,-5,output_2823.wav
-181,-137,output_2824.wav
-169,17,output_2825.wav
128,-191,output_2826.wav
-49,104,output_2827.wav
166,-118,output_2828.wav
-68,68,output_2829.wav
28,-94,output_2830.wav
-65,115,output_2831.wav
-37,-148,output_2832.wav
35,-147,output_2833.wav
0,-77,output_2834.wav
-81,-42,output_2835.wav
197,-55,output_2836.wav
64,138,output_2837.wav
-132,7,output_2838.wav
-115,-197,output_2839.wav
-11,-69,output_2840.wav
-86,-84,output_2841.wav
1,1,output_2842.wav
-52,161,output_2843.wav
185,-121,output_2844.wav
-177,94,output_2845.wav
108,-68,output_2846.wav
-196,-120,output_2847.wav
-104,70,output_2848.wav
155,187,output_2849.wav
-197,40,output_2850.wav
120,132,output_2851.wav
181,-164,output_2852.wav
6,-155,output_2853.wav
-53,128,output_2854.wav
-39,40,output_2855.wav
60,-158,output_2856.wav
199,75,output_2857.wav
19,-14,output_2858.wav
198,185,output_2859.wav
85,-150,output_2860.wav
9,52,output_2861.wav
2,62,output_2862.wav
177,80,output_2863.wav
21,149,output_2864.wav
-12,-164,output_2865.wav
88,-97,output_2866.wav
126,97,output_2867.wav
-69,34,output_2868.wav
-5,-174,output_2869.wav
-174,84,output_2870.wav
63,99,output_2871.wav
134,157,output_2872.wav
106,86,output_2873.wav
190,-61,output_2874.wav
133,117,output_2875.wav
-153,120,output_2876.wav
190,7,output_2877.wav
26,-55,output_2878.wav
84,-141,output_2879.wav
117,181,output_2880.wav
125,142,output_2881.wav
92,-99,output_2882.wav
-22,-39,output_2883.wav
-5,27,output_2884.wav
162,120,output_2885.wav
65,-46,output_2886.wav
-190,-84,output_2887.wav
-108,28,output_2888.wav
24,118,output_2889.wav
153,-155,output_2890.wav
-160,-13,output_2891.wav
-49,-152,output_2892.wav
-173,12,output_2893.wav
130,-24,output_2894.wav
-84,-89,output_2895.wav
-11,31,output_2896.wav
-167,8,output_2897.wav
35,45,output_2898.wav
-25,52,output_2899.wav
151,-10,output_2900.wav
-104,127,output_2901.wav
80,-155,output_2902.wav
-162,-23,output_2903.wav
-142,109,output_2904.wav
132,-14,output_2905.wav
13,61,output_2906.wav
-108,-16,output_2907.wav
-68,-27,output_2908.wav
66,-99,output_2909.wav
-100,149,output_2910.wav
17,-15,output_2911.wav
-89,125,output_2912.wav
-54,-15,output_2913.wav
-55,-149,output_2914.wav
-50,-29,output_2915.wav
198,-85,output_2916.wav
51,95,output_2917.wav
145,193,output_2918.wav
-59,-74,output_2919.wav
-90,96,output_2920.wav
-143,61,output_2921.wav
61,-124,output_2922.wav
138,-116,output_2923.wav
-83,17,output_2924.wav
-197,-6,output_2925.wav
31,126,output_2926.wav
-176,-86,output_2927.wav
-153,25,output_2928.wav
115,-5,output_2929.wav
84,64,output_2930.wav
61,-95,output_2931.wav
144,-197,output_2932.wav
86,-4,output_2933.wav
-20,71,output_2934.wav
37,-38,output_2935.wav
-20,90,output_2936.wav
-124,-172,output_2937.wav
-107,102,output_2938.wav
-197,87,output_2939.wav
161,182,output_2940.wav
78,118,output_2941.wav
-158,-172,output_2942.wav
98,5,output_2943.wav
-59,-101,output_2944.wav
-154,81,output_2945.wav
57,-183,output_2946.wav
-110,149,output_2947.wav
-86,58,output_2948.wav
41,-170,output_2949.wav
196,153,output_2950.wav
-185,172,output_2951.wav
82,109,output_2952.wav
-111,-102,output_2953.wav
-78,-44,output_2954.wav
157,-125,output_2955.wav
-114,-173,output_2956.wav
-85,45,output_2957.wav
186,186,output_2958.wav
190,11,output_2959.wav
84,-59,output_2960.wav
41,-116,output_2961.wav
38,-154,output_2962.wav
99,-107,output_2963.wav
40,-170,output_2964.wav
12,-45,output_2965.wav
41,83,output_2966.wav
-82,18,output_2967.wav
-113,154,output_2968.wav
14,118,output_2969.wav
40,-91,output_2970.wav
45,-174,output_2971.wav
26,131,output_2972.wav
18,-6,output_2973.wav
43,43,output_2974.wav
27,-96,output_2975.wav
-65,-35,output_2976.wav
182,89,output_2977.wav
-115,-166,output_2978.wav
9,112,output_2979.wav
-105,-88,output_2980.wav
-10,-126,output_2981.wav
-172,165,output_2982.wav
-177,24,output_2983.wav
133,102,output_2984.wav
-66,131,output_2985.wav
76,84,output_2986.wav
-200,172,output_2987.wav
191,93,output_2988.wav
82,-165,output_2989.wav
-167,90,output_2990.wav
-63,30,output_2991.wav
89,66,output_2992.wav
-23,112,output_2993.wav
129,-64,output_2994.wav
-190,-40,output_2995.wav
-132,-143,output_2996.wav
-29,-107,output_2997.wav
-180,-133,output_2998.wav
70,-125,output_2999.wav
